{"initial_reset_timestamp": 1648555335.0316215, "timestamps": [1648555335.0544572, 1648555335.0740612, 1648555335.0953882, 1648555335.1189559, 1648555335.1416802, 1648555336.4768946, 1648555339.094704, 1648555341.1913292, 1648555342.4298098, 1648555343.7402353, 1648555344.831535, 1648555346.0561976, 1648555347.0307243, 1648555347.9116113, 1648555348.8222425, 1648555349.7906606, 1648555351.0396533, 1648555352.4940999, 1648555354.1243808, 1648555355.7064242, 1648555356.8877525, 1648555357.9756541, 1648555359.442673, 1648555361.2374117, 1648555362.4332721, 1648555364.365313, 1648555376.042295, 1648555377.1336722, 1648555378.0963638, 1648555379.2469187, 1648555380.931615, 1648555382.9425411, 1648555383.9601858, 1648555385.1480377, 1648555386.1557314, 1648555387.5892503, 1648555389.332482, 1648555391.5117433, 1648555393.4170234, 1648555394.3083878, 1648555396.5537188, 1648555398.2607052, 1648555403.6471896, 1648555404.8489773, 1648555406.0926213, 1648555410.0271394, 1648555414.4273334, 1648555417.4697096, 1648555419.6727157, 1648555421.972828, 1648555423.9877539, 1648555426.4552004, 1648555429.323282, 1648555431.408066, 1648555433.3077972, 1648555435.1483953, 1648555446.6864781, 1648555449.7325544, 1648555461.3869271, 1648555463.6740508, 1648555465.0541737, 1648555466.4642398, 1648555478.173809, 1648555489.5066686, 1648555500.913464, 1648555511.787553, 1648555513.144066, 1648555515.800912, 1648555526.911729, 1648555538.1838703, 1648555545.3609414, 1648555547.3820229, 1648555549.3386128, 1648555561.6411252, 1648555574.2027228, 1648555586.0983777, 1648555598.1951544, 1648555609.1288264, 1648555615.6607485, 1648555627.8373406, 1648555640.2315722, 1648555652.7863803, 1648555655.081239, 1648555657.8319495, 1648555669.8657742, 1648555673.8200378, 1648555685.6994421, 1648555698.2869308, 1648555706.2245286, 1648555708.4111588, 1648555711.31285, 1648555722.3232687, 1648555724.8552382, 1648555726.7845669, 1648555738.6750376, 1648555750.0113478, 1648555759.4437642, 1648555761.3143501, 1648555773.5866303, 1648555786.0374587, 1648555798.3043747, 1648555810.623574, 1648555823.4865537, 1648555835.8948894, 1648555840.1817536, 1648555851.5206292, 1648555863.5350983, 1648555876.1118095, 1648555888.3335598, 1648555891.313315, 1648555904.7281585, 1648555916.3740213, 1648555925.7959073, 1648555930.3350203, 1648555941.6718707, 1648555943.8133116, 1648555956.7192125, 1648555968.7442307, 1648555980.7720604, 1648555993.3565636, 1648556000.602808, 1648556012.9226375, 1648556024.456774, 1648556030.1921349, 1648556037.1976373, 1648556049.0627904, 1648556060.7523324, 1648556065.199031, 1648556071.0050948, 1648556073.892286, 1648556086.34676, 1648556098.1573427, 1648556110.485868, 1648556121.9352827, 1648556125.5610697, 1648556129.9301386, 1648556130.6306999, 1648556132.1243145, 1648556135.018188, 1648556147.2704046, 1648556156.8564281, 1648556158.399719, 1648556160.4682875, 1648556161.135283, 1648556165.1408703, 1648556170.576807, 1648556173.9020026, 1648556179.1194553, 1648556183.2006354, 1648556186.6636436, 1648556191.0629573, 1648556192.7177632, 1648556194.3300345, 1648556197.3813903, 1648556208.6442864, 1648556211.222087, 1648556215.9697897, 1648556217.882782, 1648556228.7520092, 1648556233.8177242, 1648556238.766309, 1648556251.8440917, 1648556265.0698755, 1648556272.366723, 1648556278.927568, 1648556303.924263, 1648556309.5357296, 1648556333.7789793, 1648556350.6326218, 1648556355.4854062, 1648556359.2833319, 1648556362.1354218, 1648556385.1747348, 1648556392.7116296, 1648556395.7100337, 1648556399.1579518, 1648556406.9462724, 1648556410.9369764, 1648556428.1465478, 1648556433.844596, 1648556439.5530066, 1648556449.1731913, 1648556454.2535684, 1648556456.7826421, 1648556462.3484948, 1648556471.0117106, 1648556496.785055, 1648556518.1201835, 1648556545.0769045, 1648556551.5173538, 1648556556.09318, 1648556567.5647566, 1648556572.4732237, 1648556576.0341027, 1648556580.3354883, 1648556601.6498492, 1648556605.3758981, 1648556610.7731333, 1648556620.0861597, 1648556622.8647442, 1648556627.6146038, 1648556631.6214147, 1648556636.0079129, 1648556641.2178526, 1648556664.2717547, 1648556668.5191972, 1648556690.4235246, 1648556693.248775, 1648556715.8609817, 1648556718.7735538, 1648556722.0902932, 1648556733.5231802, 1648556740.8345897, 1648556761.1448386, 1648556763.5281167, 1648556784.1644864, 1648556803.455669, 1648556806.9590144, 1648556809.4392228, 1648556813.3800738, 1648556816.2599714, 1648556818.5480573, 1648556831.858295, 1648556833.6952503, 1648556854.6542778, 1648556856.5619786, 1648556875.2860901, 1648556877.8813536, 1648556880.2257252, 1648556904.223239, 1648556911.0784392, 1648556913.0579307, 1648556915.2280369, 1648556921.2912703, 1648556923.0757246, 1648556932.6225846, 1648556934.1427822, 1648556936.7665303, 1648556941.9460547, 1648556947.2373362, 1648556953.7555325, 1648556957.711831, 1648556962.7266567, 1648556988.6911814, 1648557000.5793526, 1648557025.7264216, 1648557037.9452357, 1648557042.2118359, 1648557045.4203448, 1648557069.059215, 1648557073.3047483, 1648557080.699259, 1648557085.9508746, 1648557087.558998, 1648557096.5097675, 1648557104.242043, 1648557106.9250958, 1648557117.7622151, 1648557120.4091043, 1648557124.1613803, 1648557129.2741375, 1648557131.2369552, 1648557148.2925742, 1648557156.194378, 1648557162.1539974, 1648557164.3204994, 1648557169.28721, 1648557172.493543, 1648557175.0323927, 1648557179.8828237, 1648557181.784666, 1648557184.166142, 1648557192.2906103, 1648557194.0440342, 1648557199.3454344, 1648557211.9606888, 1648557216.785297, 1648557219.4058716, 1648557235.1709952, 1648557237.668843, 1648557251.0645468, 1648557256.9152706, 1648557278.5640113, 1648557281.5662274, 1648557284.0195084, 1648557285.9159877, 1648557293.0988684, 1648557304.3783193, 1648557306.8332634, 1648557310.2214737, 1648557317.6881375, 1648557321.1904955, 1648557323.9627671, 1648557324.9865117, 1648557326.8163893, 1648557334.849335, 1648557336.922054, 1648557341.8595626, 1648557347.0430195, 1648557349.2062967, 1648557362.7474442, 1648557373.0218341, 1648557379.3993196, 1648557382.6263478, 1648557387.2705035, 1648557391.094383, 1648557398.3046358, 1648557403.7822826, 1648557404.7569036, 1648557411.795936, 1648557416.9490235, 1648557419.3438594, 1648557424.407171, 1648557430.5831192, 1648557432.3535373, 1648557433.9109674, 1648557440.5862827, 1648557447.0842667, 1648557449.9225643, 1648557455.2587698, 1648557458.5791993, 1648557464.4248683, 1648557466.691344, 1648557470.9421542, 1648557478.9297771, 1648557480.9711168, 1648557482.5908546, 1648557500.7661064, 1648557508.300046, 1648557510.5010972, 1648557514.888786, 1648557520.0280497, 1648557522.4329734, 1648557526.3720038, 1648557529.3211503, 1648557531.744197, 1648557535.8073664, 1648557556.921396, 1648557562.9192445, 1648557567.9391441, 1648557568.9144716, 1648557583.7106926, 1648557589.898872, 1648557602.102001, 1648557604.2885711, 1648557606.8304236, 1648557609.6392996, 1648557612.0657165, 1648557615.5882518, 1648557618.303869, 1648557620.7172587, 1648557624.2036183, 1648557628.282672, 1648557634.3536701, 1648557636.3428054, 1648557639.1547544, 1648557641.2766416, 1648557643.1286387, 1648557644.9686632, 1648557648.5732868, 1648557650.319422, 1648557661.176081, 1648557668.5970805, 1648557686.2878711, 1648557689.1215572, 1648557692.3767805, 1648557701.6162527, 1648557707.564089, 1648557711.3981664, 1648557713.8521318, 1648557715.3939774, 1648557729.3896954, 1648557731.272305, 1648557738.3598933, 1648557739.86214, 1648557742.866526, 1648557745.939112, 1648557747.0018468, 1648557749.1205454, 1648557752.8032603, 1648557754.6375191, 1648557757.4633598, 1648557761.2298918, 1648557764.0289743],