{"initial_reset_timestamp": 1648556261.8297126, "timestamps": [1648556261.8564818, 1648556261.9266546, 1648556261.978592, 1648556262.0069113, 1648556264.428875, 1648556267.091091, 1648556269.8723733, 1648556275.4132311, 1648556277.9547656, 1648556280.1611638, 1648556282.0588756, 1648556285.3591454, 1648556289.2445674, 1648556291.7802167, 1648556295.8285434, 1648556299.060158, 1648556301.688012, 1648556305.2020433, 1648556307.241433, 1648556309.644017, 1648556313.2573724, 1648556316.1769984, 1648556319.3566024, 1648556321.549491, 1648556325.308225, 1648556327.6665933, 1648556330.663495, 1648556333.8731542, 1648556336.2691886, 1648556339.9512236, 1648556342.5278559, 1648556345.6767378, 1648556347.672172, 1648556349.4102087, 1648556352.8019454, 1648556356.8649604, 1648556359.6994646, 1648556363.7150085, 1648556369.5366766, 1648556370.8537621, 1648556373.1396716, 1648556374.571129, 1648556376.8452868, 1648556382.136095, 1648556385.0711172, 1648556386.9477181, 1648556389.6518319, 1648556393.2590513, 1648556395.8439791, 1648556401.1937697, 1648556403.5343864, 1648556409.7843735, 1648556412.0062103, 1648556420.0480924, 1648556425.7863607, 1648556428.606783, 1648556431.7693424, 1648556439.6079552, 1648556446.8147578, 1648556461.3093586, 1648556476.5084298, 1648556496.383714, 1648556506.2488909, 1648556529.8003573, 1648556547.1582954, 1648556564.3856797, 1648556574.2211463, 1648556587.999187, 1648556598.6789234, 1648556603.8363292, 1648556626.7130172, 1648556647.8132079, 1648556662.112842, 1648556681.5258307, 1648556686.0750287, 1648556690.6997814, 1648556707.087192, 1648556710.7118504, 1648556713.9834373, 1648556718.3254445, 1648556737.8702579, 1648556757.2777805, 1648556771.335832, 1648556777.9532685, 1648556798.550828, 1648556807.5953941, 1648556818.9908705, 1648556832.070777, 1648556849.1900163, 1648556855.6882734, 1648556881.851287, 1648556895.8555472, 1648556901.2915137, 1648556907.3813674, 1648556931.7793856, 1648556954.9263475, 1648556968.3686645, 1648556993.2407868, 1648557016.0960138, 1648557040.6973073, 1648557060.1144102, 1648557082.0610588, 1648557103.002922, 1648557122.364098, 1648557144.279315, 1648557148.6991289, 1648557169.953812, 1648557190.695706, 1648557214.781286, 1648557220.3551068, 1648557244.4050364, 1648557266.206466, 1648557292.7376292, 1648557303.2541726, 1648557311.4122345, 1648557327.0773861, 1648557350.508695, 1648557369.9238544, 1648557396.7998035, 1648557419.8881457, 1648557424.3277256, 1648557445.4494221, 1648557465.412073, 1648557490.2927415, 1648557512.1408243, 1648557539.088836, 1648557555.5717578, 1648557577.2930849, 1648557598.0713594, 1648557617.59393, 1648557620.2537334, 1648557633.2262022, 1648557648.8507986, 1648557669.904468, 1648557671.4211607, 1648557673.2517946, 1648557695.644413, 1648557712.5544312, 1648557719.366552, 1648557729.3393831, 1648557737.6826425, 1648557740.5374835, 1648557748.414367, 1648557757.997529, 1648557769.2722015, 1648557780.7858098, 1648557798.1205187, 1648557822.0306604, 1648557836.2725506, 1648557839.6574135, 1648557843.3560886, 1648557846.1312852, 1648557849.2076256, 1648557852.9267871, 1648557860.3235993, 1648557871.8080494, 1648557877.9531696, 1648557881.30226, 1648557892.2223911, 1648557907.589993, 1648557910.6486125, 1648557915.6895049, 1648557927.5469036, 1648557932.983496, 1648557936.5824327, 1648557939.4696772, 1648557943.6492374, 1648557945.7802594, 1648557960.8585763, 1648557963.471272, 1648557983.9509838, 1648557987.8262699, 1648557994.7590985, 1648558018.200427, 1648558032.2789974, 1648558036.4672663, 1648558039.9880629, 1648558046.390083, 1648558049.221695, 1648558076.8345816, 1648558079.6756067, 1648558095.4877143, 1648558100.0392547, 1648558103.3589833, 1648558126.5194528, 1648558149.99177, 1648558173.1613617, 1648558186.4359717, 1648558190.203659, 1648558195.206936, 1648558197.8066201, 1648558199.8716626, 1648558216.2979555, 1648558221.740078, 1648558225.9019897, 1648558227.9207642, 1648558232.318506, 1648558235.7698395, 1648558242.7573183, 1648558246.5371208, 1648558255.7050626, 1648558259.2911596, 1648558264.9706433, 1648558275.8914614, 1648558278.8848975, 1648558281.4574642, 1648558292.3443801, 1648558295.5772378, 1648558301.8094587, 1648558310.288173, 1648558318.7743514, 1648558322.0361009, 1648558325.7570667, 1648558329.5869606, 1648558332.8326647, 1648558343.061917, 1648558350.7365742, 1648558355.7329886, 1648558364.4726336, 1648558385.6814566, 1648558391.7692058, 1648558398.9131029, 1648558404.571492, 1648558412.30791, 1648558415.7070615, 1648558417.538387, 1648558427.7646985, 1648558437.4693747, 1648558440.7826746, 1648558445.6861072, 1648558448.6567442, 1648558450.448425, 1648558455.345994, 1648558481.0285316, 1648558484.1761954, 1648558488.6617985, 1648558492.94582, 1648558515.1582415, 1648558519.5215073, 1648558544.4796522, 1648558554.6712327, 1648558558.4624164, 1648558563.6075852, 1648558579.5091138, 1648558582.5613637, 1648558590.0919127, 1648558592.7432706, 1648558595.9746213, 1648558603.7071548, 1648558607.3960721, 1648558611.2428045, 1648558615.9243298, 1648558622.127919, 1648558629.0610092, 1648558636.5779605, 1648558642.840776, 1648558649.0181625, 1648558654.2347288, 1648558680.0613244, 1648558691.682168, 1648558694.2993872, 1648558700.4724889, 1648558707.9476602, 1648558712.1852756, 1648558720.940562, 1648558744.8167286, 1648558749.2122066, 1648558754.2117171, 1648558759.8965096, 1648558763.8168724, 1648558771.5356922, 1648558777.6323647, 1648558781.779461, 1648558790.170622, 1648558793.8960366, 1648558798.6466517, 1648558804.18583, 1648558809.8390183, 1648558815.8262208, 1648558820.902992, 1648558842.8968334, 1648558853.5622003, 1648558871.9711537, 1648558877.9716637, 1648558881.4343882, 1648558888.605568, 1648558904.2694092, 1648558917.5799005, 1648558926.5532405, 1648558933.4575636, 1648558940.5010886, 1648558945.583063, 1648558953.166101, 1648558965.7466621, 1648558975.6519806, 1648558978.2278347, 1648558988.3834794, 1648558995.2925897, 1648559001.0549474, 1648559005.7530143, 1648559017.1192715, 1648559039.923861, 1648559049.2060428, 1648559055.549268, 1648559061.362819, 1648559068.7762012, 1648559077.79626, 1648559082.058601, 1648559101.2606869, 1648559113.7334602, 1648559120.824354, 1648559127.1023827, 1648559134.1427588, 1648559140.7614439, 1648559146.1106386, 1648559148.8661127, 1648559159.9142523, 1648559169.3365, 1648559173.6911597, 1648559181.4191148, 1648559188.2249427, 1648559193.9440167, 1648559199.6751504, 1648559208.5271647, 1648559221.1409652, 1648559229.383802, 1648559235.8951437, 1648559242.4133193, 1648559246.933251, 1648559254.4903548, 1648559268.3345983, 1648559282.1520858, 1648559295.897202, 1648559316.4108005, 1648559319.9107437, 1648559345.0300403, 1648559377.8251293, 1648559409.1442523, 1648559417.7873216, 1648559427.3059795, 1648559446.550722, 1648559448.93154, 1648559464.9459584, 1648559482.0224764, 1648559500.9519093, 1648559504.1565287, 1648559510.9445622, 1648559513.9895437, 1648559517.2302425, 1648559524.3435376, 1648559534.4139152, 1648559542.506489, 1648559548.1423247, 1648559555.2230732, 1648559568.7955244, 1648559579.447561, 1648559590.2333977, 1648559597.6704059, 1648559610.9031477, 1648559641.6168761, 1648559664.650705, 1648559684.3183124, 1648559690.1133566, 1648559695.6932, 1648559703.59171, 1648559705.7903185, 1648559713.4082017, 1648559715.451992, 1648559720.2481349, 1648559726.3223493],